Model,Accuracy,Precision,Recall,F1
Logistic Regression,0.5288,0.013020277481323372,0.40939597315436244,0.025237898220935043
Random Forest,0.9851,0.0,0.0,0.0
